City_ID,City,Country,Date,Lat,Lng,Max Temp,Humidity,Cloudiness,Wind Speed
0,Walvis Bay,NA,2022-04-03 20:56:05,-22.9575,14.5053,59.09,88,0,2.3
1,East London,ZA,2022-04-03 20:53:03,-33.0153,27.9116,71.92,89,83,13.49
2,Mangai,CD,2022-04-03 20:56:05,-4.05,19.5333,71.49,96,90,2.06
3,Coruripe,BR,2022-04-03 20:56:05,-10.1256,-36.1756,78.24,81,55,9.51
4,Bredasdorp,ZA,2022-04-03 20:56:06,-34.5322,20.0403,61.03,90,47,1.63
5,Tautira,PF,2022-04-03 20:56:06,-17.7333,-149.15,82.0,76,28,14.81
6,Belaya Gora,RU,2022-04-03 20:56:06,68.5333,146.4167,-17.25,100,97,0.92
7,Teknaf,BD,2022-04-03 20:56:07,20.8624,92.3058,76.05,90,19,5.66
8,Hithadhoo,MV,2022-04-03 20:56:07,-0.6,73.0833,82.87,69,40,5.14
9,Hermanus,ZA,2022-04-03 20:54:13,-34.4187,19.2345,60.8,89,2,7.45
10,Busselton,AU,2022-04-03 20:56:07,-33.65,115.3333,61.74,81,38,15.95
11,Zhezkazgan,KZ,2022-04-03 20:56:08,47.8043,67.7144,50.2,47,83,8.75
12,Thompson,CA,2022-04-03 20:56:08,55.7435,-97.8558,39.36,45,100,9.22
13,La Romana,DO,2022-04-03 20:51:33,18.4273,-68.9728,75.56,88,40,10.36
14,Ushuaia,AR,2022-04-03 20:56:08,-54.8,-68.3,38.86,87,40,20.71
15,Drumheller,CA,2022-04-03 20:53:55,51.4617,-112.7101,53.06,29,79,11.5
16,Albany,US,2022-04-03 20:51:12,42.6001,-73.9662,40.64,87,100,1.52
17,Rikitea,PF,2022-04-03 20:56:09,-23.1203,-134.9692,76.75,67,56,10.22
18,Athens,GR,2022-04-03 20:52:59,37.9795,23.7162,59.38,49,20,10.0
19,Sioux Lookout,CA,2022-04-03 20:56:09,50.1001,-91.917,37.47,60,100,3.44
20,Badnawar,IN,2022-04-03 20:56:10,23.0167,75.2167,80.58,17,0,8.28
21,Riverton,US,2022-04-03 20:56:10,40.5219,-111.9391,63.1,22,0,9.22
22,Kapaa,US,2022-04-03 20:52:45,22.0752,-159.319,77.47,76,40,19.57
23,Qaanaaq,GL,2022-04-03 20:56:11,77.484,-69.3632,13.96,74,88,6.38
24,Gidole,ET,2022-04-03 20:56:12,5.65,37.3667,64.22,44,67,4.05
25,New Norfolk,AU,2022-04-03 20:56:12,-42.7826,147.0587,56.7,88,98,1.32
26,Mataura,NZ,2022-04-03 20:56:12,-46.1927,168.8643,50.04,89,93,1.86
27,Manokwari,ID,2022-04-03 20:56:12,-0.8667,134.0833,78.3,78,100,3.49
28,Barrow,US,2022-04-03 20:53:36,71.2906,-156.7887,-7.58,77,40,16.11
29,Visby,SE,2022-04-03 20:56:13,57.6409,18.296,37.81,80,20,10.36
30,Hofn,IS,2022-04-03 20:56:13,64.2539,-15.2082,35.87,95,100,19.46
31,Sumbe,AO,2022-04-03 20:56:13,-11.2061,13.8437,77.59,88,99,8.23
32,Lebu,CL,2022-04-03 20:56:14,-37.6167,-73.65,56.01,67,0,19.13
33,Aswan,EG,2022-04-03 20:56:14,24.0934,32.907,92.5,16,0,8.05
34,Vila Velha,BR,2022-04-03 20:56:14,-20.3297,-40.2925,84.15,81,20,8.05
35,Bluff,NZ,2022-04-03 20:56:15,-46.6,168.3333,55.96,75,99,10.89
36,Curillo,CO,2022-04-03 20:56:15,1.0333,-75.9191,83.41,64,91,2.89
37,Vaini,TO,2022-04-03 20:56:15,-21.2,-175.2,75.36,94,75,4.61
38,Paamiut,GL,2022-04-03 20:56:16,61.994,-49.6678,35.55,81,92,8.55
39,Hilo,US,2022-04-03 20:56:16,19.7297,-155.09,73.11,92,41,4.0
40,Port Hardy,CA,2022-04-03 20:56:16,50.6996,-127.4199,42.98,81,75,10.36
41,Roros,NO,2022-04-03 20:56:17,62.5747,11.3842,24.64,80,100,4.61
42,Marawi,PH,2022-04-03 20:56:17,7.9986,124.2928,67.3,95,89,0.76
43,Hendrina,ZA,2022-04-03 20:56:17,-26.1588,29.7153,56.91,92,100,2.39
44,Almeirim,BR,2022-04-03 20:56:17,-1.5233,-52.5817,80.31,84,80,2.66
45,Cape Town,ZA,2022-04-03 20:56:18,-33.9258,18.4232,64.9,83,0,10.36
46,Lagoa,PT,2022-04-03 20:56:18,39.05,-27.9833,59.04,81,2,19.86
47,Canita,PA,2022-04-03 20:57:18,9.2097,-78.8811,84.83,68,92,10.87
48,Luderitz,NA,2022-04-03 20:57:19,-26.6481,15.1594,60.19,87,0,6.2
49,Butaritari,KI,2022-04-03 20:57:19,3.0707,172.7902,81.66,70,99,14.5
50,Puerto Ayora,EC,2022-04-03 20:57:19,-0.7393,-90.3518,85.96,93,57,8.99
51,Bambous Virieux,MU,2022-04-03 20:57:20,-20.3428,57.7575,80.22,83,75,11.5
52,Rauma,FI,2022-04-03 20:57:20,61.1272,21.5113,30.24,86,100,6.64
53,Hobart,AU,2022-04-03 20:57:20,-42.8794,147.3294,57.06,92,75,8.05
54,Narsaq,GL,2022-04-03 20:57:21,60.9167,-46.05,40.41,80,100,3.06
55,Rapar,IN,2022-04-03 20:57:21,23.5667,70.6333,80.04,49,0,10.4
56,Mar Del Plata,AR,2022-04-03 20:55:31,-38.0023,-57.5575,71.62,77,75,18.99
57,Pochutla,MX,2022-04-03 20:57:21,15.7432,-96.4661,90.82,36,5,8.77
58,Omboue,GA,2022-04-03 20:57:22,-1.5746,9.2618,77.9,88,85,4.65
59,Avarua,CK,2022-04-03 20:52:47,-21.2078,-159.775,80.65,83,20,6.91
60,Berbera,SO,2022-04-03 20:57:22,10.4396,45.0143,82.51,64,3,5.61
61,Vao,NC,2022-04-03 20:57:22,-22.6667,167.4833,79.29,87,83,18.07
62,Kumbhraj,IN,2022-04-03 20:57:23,24.3667,77.05,83.48,13,0,5.46
63,Port Alfred,ZA,2022-04-03 20:54:13,-33.5906,26.891,67.17,92,97,16.51
64,Mahebourg,MU,2022-04-03 20:55:09,-20.4081,57.7,80.26,83,75,11.5
65,Yeppoon,AU,2022-04-03 20:57:23,-23.1333,150.7333,69.58,72,73,8.66
66,Banepa,NP,2022-04-03 20:55:02,27.6298,85.5214,64.72,77,75,4.61
67,Khani,GE,2022-04-03 20:57:23,41.9563,42.9566,45.97,87,97,5.1
68,Pirenopolis,BR,2022-04-03 20:57:24,-15.8525,-48.9592,86.49,52,59,5.03
69,Khovu-Aksy,RU,2022-04-03 20:57:24,51.1333,93.6,31.93,78,99,5.14
70,Clyde River,CA,2022-04-03 20:57:24,70.4692,-68.5914,14.23,85,0,4.61
71,Port Elizabeth,ZA,2022-04-03 20:57:25,-33.918,25.5701,64.31,89,32,8.99
72,Victoria,HK,2022-04-03 20:54:16,22.2855,114.1577,64.33,60,1,11.99
73,North Platte,US,2022-04-03 20:57:25,41.1239,-100.7654,60.12,20,100,21.99
74,Punta Arenas,CL,2022-04-03 20:54:18,-53.15,-70.9167,46.51,61,40,31.07
75,Provideniya,RU,2022-04-03 20:57:25,64.3833,-173.3,8.71,66,0,15.99
76,Komarikhinskiy,RU,2022-04-03 20:57:26,58.0979,57.1163,39.2,98,100,9.51
77,Sao Pedro Do Sul,BR,2022-04-03 20:57:26,-29.6206,-54.1789,63.25,99,100,5.73
78,Bengkulu,ID,2022-04-03 20:57:26,-3.8004,102.2655,76.53,83,100,4.81
79,Kontagora,NG,2022-04-03 20:57:26,10.3999,5.4695,89.65,25,86,3.6
80,Tiksi,RU,2022-04-03 20:57:27,71.6872,128.8694,4.48,98,100,7.54
81,Atuona,PF,2022-04-03 20:53:36,-9.8,-139.0333,79.99,74,67,22.5
82,Parangan,PH,2022-04-03 20:57:27,5.0839,119.9383,79.72,81,70,6.04
83,Saskylakh,RU,2022-04-03 20:57:27,71.9167,114.0833,-7.24,98,100,10.13
84,Launceston,AU,2022-04-03 20:57:28,-41.45,147.1667,57.15,90,100,10.36
85,Camana,PE,2022-04-03 20:57:28,-16.6228,-72.7111,71.6,76,53,8.1
86,Huangchuan,CN,2022-04-03 20:57:28,32.1272,115.0394,51.87,70,100,5.03
87,Bethel,US,2022-04-03 20:57:28,41.3712,-73.414,42.51,90,100,4.61
88,Port Blair,IN,2022-04-03 20:58:29,11.6667,92.75,82.44,78,40,4.61
89,Mount Gambier,AU,2022-04-03 20:58:29,-37.8333,140.7667,46.31,100,32,3.44
90,Chokurdakh,RU,2022-04-03 20:58:29,70.6333,147.9167,-19.62,100,79,2.51
91,Dingzhou,CN,2022-04-03 20:58:30,38.5131,114.9956,42.91,66,0,4.83
92,Nanortalik,GL,2022-04-03 20:58:30,60.1432,-45.2371,36.66,81,97,5.08
93,Mbandaka,CD,2022-04-03 20:58:30,0.0487,18.2603,74.41,78,87,0.96
94,Dois Riachos,BR,2022-04-03 20:58:30,-9.3925,-37.1006,79.77,66,77,12.08
95,Esperance,AU,2022-04-03 20:58:31,-33.8667,121.9,64.24,93,100,7.18
96,Deputatskiy,RU,2022-04-03 20:58:31,69.3,139.9,-17.72,99,76,2.26
97,Olafsvik,IS,2022-04-03 20:58:31,64.8945,-23.7142,34.97,92,100,20.58
98,Klaksvik,FO,2022-04-03 20:58:31,62.2266,-6.589,45.52,98,100,18.57
99,Brae,GB,2022-04-03 20:58:32,60.3964,-1.353,46.65,96,100,21.59
100,Chara,RU,2022-04-03 20:58:32,56.9064,118.2631,0.0,74,90,3.87
101,Pangoa,PE,2022-04-03 20:58:32,-12.1167,-73.0,82.71,57,53,4.83
102,Meybod,IR,2022-04-03 20:58:33,32.2501,54.0166,73.42,13,0,1.99
103,Camocim,BR,2022-04-03 20:58:33,-2.9022,-40.8411,78.12,89,91,10.56
104,Airai,TL,2022-04-03 20:58:33,-8.9266,125.4092,56.79,77,20,1.59
105,Kenai,US,2022-04-03 20:58:33,60.5544,-151.2583,41.02,55,100,7.31
106,Saint-Philippe,RE,2022-04-03 20:58:34,-21.3585,55.7679,74.79,92,100,11.1
107,Bodmin,GB,2022-04-03 20:58:34,50.4715,-4.7243,43.09,70,20,9.22
108,Plastun,RU,2022-04-03 20:58:34,44.7561,136.2939,37.47,65,0,4.29
109,Gat,IL,2022-04-03 20:58:34,31.61,34.7642,71.4,49,100,5.46
110,Atar,MR,2022-04-03 20:58:35,20.5169,-13.0499,75.76,19,0,7.92
111,Daru,PG,2022-04-03 20:58:35,-9.0763,143.2092,78.66,84,28,5.68
112,Pacifica,US,2022-04-03 20:54:24,37.6138,-122.4869,77.61,68,20,20.71
113,Yellowknife,CA,2022-04-03 20:58:35,62.456,-114.3525,23.41,63,75,17.27
114,Maun,BW,2022-04-03 20:58:35,-19.9833,23.4167,67.96,100,40,4.61
115,Tasiilaq,GL,2022-04-03 20:58:36,65.6145,-37.6368,17.31,96,94,5.3
116,Waipawa,NZ,2022-04-03 20:58:36,-41.4122,175.5153,56.93,76,12,2.71
117,Fortuna,US,2022-04-03 20:58:27,40.5982,-124.1573,58.93,64,0,13.8
118,Great Yarmouth,GB,2022-04-03 20:58:36,52.6083,1.7305,44.94,80,95,12.75
119,Dikson,RU,2022-04-03 20:58:37,73.5069,80.5464,-3.14,99,39,9.17
120,Faanui,PF,2022-04-03 20:58:37,-16.4833,-151.75,81.84,74,71,11.18
121,Nemuro,JP,2022-04-03 20:58:37,43.3236,145.575,35.73,81,0,14.72
122,Kapoeta,SS,2022-04-03 20:58:37,4.7717,33.5903,82.87,41,92,4.52
123,Pevek,RU,2022-04-03 20:58:38,69.7008,170.3133,-16.74,96,24,2.1
124,Broome,US,2022-04-03 20:58:38,42.2506,-75.833,39.7,77,100,11.5
125,Kuandian,CN,2022-04-03 20:58:38,40.7286,124.7847,36.05,78,0,3.29
126,Upernavik,GL,2022-04-03 20:58:38,72.7868,-56.1549,16.93,85,58,4.54
127,Brownsville,US,2022-04-03 20:58:39,25.9018,-97.4975,86.09,68,100,13.8
128,Souillac,MU,2022-04-03 20:58:39,-20.5167,57.5167,79.18,83,75,11.5
129,Balykshi,KZ,2022-04-03 20:58:39,47.0667,51.8667,51.8,71,0,8.95
130,Dingle,PH,2022-04-03 20:58:39,10.9995,122.6711,75.13,86,99,7.2
131,Pundaguitan,PH,2022-04-03 20:58:40,6.3711,126.1689,80.8,77,100,7.02
132,Vardo,NO,2022-04-03 20:58:40,70.3705,31.1107,24.78,93,75,4.61
133,Yangjiang,CN,2022-04-03 20:58:40,21.85,111.9667,59.23,65,0,4.54
134,Puno,PE,2022-04-03 20:58:41,-15.8333,-70.0333,49.57,62,48,5.48
135,Avera,US,2022-04-03 20:59:41,33.194,-82.5271,74.71,27,1,10.71
136,Torbay,CA,2022-04-03 20:59:41,47.6666,-52.7314,40.39,74,40,33.38
137,Beringovskiy,RU,2022-04-03 20:59:41,63.05,179.3167,-2.72,83,36,16.13
138,Yar-Sale,RU,2022-04-03 20:59:42,66.8333,70.8333,8.76,91,100,11.18
139,Takoradi,GH,2022-04-03 20:59:42,4.8845,-1.7554,82.04,85,92,10.85
140,Georgetown,MY,2022-04-03 20:54:59,5.4112,100.3354,76.95,99,20,2.3
141,Cidreira,BR,2022-04-03 20:59:42,-30.1811,-50.2056,70.14,95,100,18.95
142,Nizhniy Odes,RU,2022-04-03 20:59:42,63.6445,54.856,22.26,93,100,11.36
143,Norman Wells,CA,2022-04-03 20:55:55,65.282,-126.8329,-0.36,50,75,2.3
144,Green River,US,2022-04-03 20:56:39,41.5286,-109.4662,50.81,13,3,9.64
145,Fukue,JP,2022-04-03 20:59:43,32.6881,128.8419,55.33,57,0,18.1
146,Kodiak,US,2022-04-03 20:59:43,57.79,-152.4072,36.91,81,100,10.36
147,Melfi,IT,2022-04-03 20:59:43,40.9965,15.6514,39.49,89,96,4.07
148,Havelock,US,2022-04-03 20:57:25,34.8791,-76.9013,75.15,31,2,10.0
149,Umm Kaddadah,SD,2022-04-03 20:59:44,13.6017,26.6876,83.95,10,95,11.59
150,Port Shepstone,ZA,2022-04-03 20:59:44,-30.7414,30.455,72.93,87,26,5.32
151,Yzeure,FR,2022-04-03 20:59:44,46.5644,3.355,27.82,93,20,2.53
152,Fairbanks,US,2022-04-03 20:56:37,64.8378,-147.7164,23.23,60,100,1.01
153,Nikolskoye,RU,2022-04-03 20:59:45,59.7035,30.7861,30.79,96,35,3.33
154,Katsuura,JP,2022-04-03 20:59:45,35.1333,140.3,48.22,88,100,17.87
155,Saint George,US,2022-04-03 20:59:45,37.1041,-113.5841,76.78,21,100,4.0
156,Isiro,CD,2022-04-03 20:59:45,2.7739,27.616,66.31,99,55,1.83
157,Padang,ID,2022-04-03 20:59:46,-0.9492,100.3543,75.79,85,27,4.18
158,Sobolevo,RU,2022-04-03 20:59:46,54.4299,31.8996,25.09,89,100,6.64
159,Severo-Kurilsk,RU,2022-04-03 20:59:46,50.6789,156.125,32.31,86,23,11.45
160,Shambu,ET,2022-04-03 20:59:46,9.5667,37.1,61.86,42,91,2.44
161,Jamestown,US,2022-04-03 20:59:47,42.097,-79.2353,35.19,69,100,8.01
162,Tabuk,PH,2022-04-03 20:59:47,17.4189,121.4443,71.85,96,100,5.7
163,Bonthe,SL,2022-04-03 20:59:47,7.5264,-12.505,78.12,81,15,8.16
164,Tuatapere,NZ,2022-04-03 20:59:48,-46.1333,167.6833,50.56,85,77,3.11
165,Geraldton,AU,2022-04-03 20:59:48,-28.7667,114.6,72.01,83,100,16.11
166,Khatanga,RU,2022-04-03 20:59:48,71.9667,102.5,-31.04,100,99,3.47
167,Riyadh,SA,2022-04-03 20:54:53,24.6877,46.7219,77.14,12,91,4.97
168,Margate,GB,2022-04-03 20:59:48,51.3813,1.3862,42.69,63,71,1.99
169,Karratha,AU,2022-04-03 20:59:49,-20.7377,116.8463,80.24,70,0,9.64
170,Tuktoyaktuk,CA,2022-04-03 20:59:49,69.4541,-133.0374,-20.2,76,0,3.44
171,Kloulklubed,PW,2022-04-03 20:59:49,7.0419,134.2556,75.7,79,100,1.77
172,Kristiansund,NO,2022-04-03 20:59:49,63.1115,7.732,33.85,93,75,0.0
173,Lavrentiya,RU,2022-04-03 20:59:50,65.5833,-171.0,-6.41,86,17,11.74
174,Alofi,NU,2022-04-03 20:59:50,-19.0595,-169.9187,80.49,78,75,6.91
175,Jinchang,CN,2022-04-03 20:59:50,38.4953,102.1739,47.21,19,99,11.27
176,Alyangula,AU,2022-04-03 20:59:51,-13.8483,136.4192,71.47,100,40,4.61
177,Lesnoye,RU,2022-04-03 20:59:51,58.2841,35.5158,21.94,95,18,3.02
178,Saint Anthony,US,2022-04-03 20:59:51,45.0205,-93.218,39.13,84,100,11.5
179,Touros,BR,2022-04-03 20:59:51,-5.1989,-35.4608,77.97,87,99,10.6
180,Mangrol,IN,2022-04-03 21:00:52,21.1167,70.1167,77.25,78,0,10.85
181,Codrington,AU,2022-04-03 21:00:52,-38.2667,141.9667,58.17,84,100,4.97
182,Ancud,CL,2022-04-03 21:00:52,-41.8697,-73.8203,50.23,70,85,8.68
183,Gari,RU,2022-04-03 21:00:52,59.4307,62.3497,37.35,100,100,11.56
184,Brokopondo,SR,2022-04-03 21:00:53,4.75,-55.1667,78.44,89,39,6.35
185,San Matias,BO,2022-04-03 21:00:53,-16.3667,-58.4,85.35,67,14,3.94
186,Lujan,AR,2022-04-03 21:00:53,-34.5703,-59.105,66.94,89,95,1.01
187,Behbahan,IR,2022-04-03 21:00:54,30.5959,50.2417,76.66,19,93,3.13
188,Kavieng,PG,2022-04-03 21:00:54,-2.5744,150.7967,81.61,75,100,5.23
189,Kavaratti,IN,2022-04-03 21:00:54,10.5669,72.642,82.17,72,79,7.02
190,Hokitika,NZ,2022-04-03 21:00:54,-42.7167,170.9667,58.46,69,2,1.57
191,Capinzal,BR,2022-04-03 21:00:55,-27.3436,-51.6119,71.67,84,100,2.42
192,Sambava,MG,2022-04-03 21:00:55,-14.2667,50.1667,76.48,89,100,6.42
193,Amalfi,CO,2022-04-03 21:00:55,6.9102,-75.0776,69.82,81,97,2.15
194,Longyearbyen,SJ,2022-04-03 21:00:56,78.2186,15.6401,8.44,52,20,20.71
195,Chumikan,RU,2022-04-03 21:00:56,54.7183,135.315,26.04,96,100,11.45
196,Coquimbo,CL,2022-04-03 21:00:56,-29.9533,-71.3436,65.03,73,3,11.12
197,Shaowu,CN,2022-04-03 21:00:57,27.3409,117.4831,49.12,77,7,1.5
198,Thisted,DK,2022-04-03 21:00:57,56.9552,8.6949,43.09,3,100,23.22
199,Fereydun Kenar,IR,2022-04-03 21:00:57,36.6864,52.5225,67.21,53,0,9.69
200,Miyako,JP,2022-04-03 21:00:58,39.6367,141.9525,44.42,88,100,6.06
201,Nusaybin,TR,2022-04-03 21:00:58,37.0778,41.2178,62.08,44,100,6.17
202,Nuuk,GL,2022-04-03 21:00:58,64.1835,-51.7216,36.88,87,0,11.99
203,Tamandare,BR,2022-04-03 21:00:58,-8.7597,-35.1047,78.35,83,16,8.79
204,Shieli,KZ,2022-04-03 21:00:59,44.1667,66.75,62.55,28,35,5.01
205,Buala,SB,2022-04-03 21:00:59,-8.145,159.5921,79.34,82,100,5.53
206,Chicama,PE,2022-04-03 21:00:59,-7.8447,-79.1469,77.83,63,55,10.6
207,Pangnirtung,CA,2022-04-03 21:01:00,66.1451,-65.7125,26.91,92,100,3.78
208,Ewa Beach,US,2022-04-03 20:58:43,21.3156,-158.0072,80.44,60,75,13.8
209,Kiunga,PG,2022-04-03 21:01:00,-6.1219,141.2906,72.54,96,32,1.1
210,Fare,PF,2022-04-03 21:01:00,-16.7,-151.0167,81.81,74,46,11.81
211,Dunedin,NZ,2022-04-03 21:01:01,-45.8742,170.5036,56.8,72,95,3.0
212,Rudnyy,KZ,2022-04-03 21:01:01,52.9594,63.1206,38.73,85,100,12.06
213,Cherskiy,RU,2022-04-03 21:01:01,68.75,161.3,-1.48,96,100,4.5
214,Namatanai,PG,2022-04-03 21:01:02,-3.6667,152.4333,79.59,83,98,2.44
215,Buta,CD,2022-04-03 21:01:02,2.7858,24.73,70.68,95,75,3.24
216,Rudbar,AF,2022-04-03 21:01:02,30.15,62.6,75.9,12,2,7.09
217,Kruisfontein,ZA,2022-04-03 21:01:03,-34.0033,24.7314,59.88,82,93,4.68
218,Nizhniy Chir,RU,2022-04-03 21:01:03,48.3597,43.0865,50.54,76,67,21.34
219,Lompoc,US,2022-04-03 21:01:03,34.6391,-120.4579,72.7,76,100,11.99
220,Mundo Novo,BR,2022-04-03 21:01:04,-11.8589,-40.4725,78.78,54,82,6.87
221,Darhan,MN,2022-04-03 20:56:32,49.4867,105.9228,33.01,68,74,4.21
222,Roald,NO,2022-04-03 21:01:06,62.5833,6.1333,38.75,100,100,6.91
223,Nahavand,IR,2022-04-03 21:01:06,34.1885,48.377,60.22,27,100,4.45
224,Henties Bay,NA,2022-04-03 21:01:07,-22.116,14.2845,61.56,84,0,6.73
225,Flin Flon,CA,2022-04-03 21:01:07,54.7682,-101.865,34.21,82,100,6.91
226,Yerbogachen,RU,2022-04-03 21:01:07,61.2767,108.0108,5.18,95,95,6.73
227,Juneau,US,2022-04-03 21:00:26,58.3019,-134.4197,40.21,100,100,11.99
228,Chuy,UY,2022-04-03 21:01:31,-33.6971,-53.4616,68.99,75,95,8.7
229,Ponta Do Sol,PT,2022-04-03 21:02:08,32.6667,-17.1,61.72,75,100,14.0
230,Wilmington,US,2022-04-03 21:01:51,34.2257,-77.9447,75.11,22,0,9.22
231,Umm Lajj,SA,2022-04-03 21:02:08,25.0213,37.2685,82.24,34,99,5.93
232,Havre-Saint-Pierre,CA,2022-04-03 21:02:09,50.2334,-63.5986,37.76,65,0,13.8
233,Gamba,GA,2022-04-03 21:02:09,-2.65,10.0,77.36,94,100,2.89
234,Beni,CD,2022-04-03 21:02:10,0.5,29.4667,63.12,97,27,2.04
235,Arraial Do Cabo,BR,2022-04-03 21:02:10,-22.9661,-42.0278,77.11,88,13,9.75
236,Bontang,ID,2022-04-03 21:02:10,0.1333,117.5,74.43,88,100,4.23
237,Yining,CN,2022-04-03 21:02:11,29.0361,114.5636,52.18,81,98,1.81
238,Singleton,AU,2022-04-03 21:02:11,-32.5667,151.1833,61.99,87,5,5.99
239,Hirara,JP,2022-04-03 21:02:12,24.8,125.2833,68.76,67,96,23.67
240,Comodoro Rivadavia,AR,2022-04-03 21:00:01,-45.8667,-67.5,61.54,35,10,19.33
241,Chapais,CA,2022-04-03 21:02:12,49.7834,-74.8492,32.14,86,100,5.59
242,Rockland,US,2022-04-03 21:02:12,41.1668,-74.0496,46.31,90,100,1.01
243,Bucerias,MX,2022-04-03 20:57:41,20.75,-105.3333,81.66,54,4,9.17
244,Korla,CN,2022-04-03 21:00:29,41.7597,86.1469,56.61,23,0,4.61
245,Luganville,VU,2022-04-03 21:02:13,-15.5333,167.1667,77.74,88,100,12.82
246,Mahajanga,MG,2022-04-03 21:02:13,-15.7167,46.3167,78.82,89,20,2.3
247,Naze,JP,2022-04-03 21:02:13,28.3667,129.4833,57.33,60,14,12.28
248,Rio Grande,BR,2022-04-03 21:02:14,-32.035,-52.0986,64.94,91,100,11.99
249,Machali,CL,2022-04-03 21:02:14,-34.1833,-70.6667,73.42,31,0,6.11
250,Orlik,RU,2022-04-03 21:02:14,52.5178,99.825,26.2,95,100,3.94
251,Marystown,CA,2022-04-03 21:02:15,47.1666,-55.1483,35.85,100,43,15.01
252,Tallahassee,US,2022-04-03 21:00:24,30.4383,-84.2807,79.68,38,0,1.99
253,Sitka,US,2022-04-03 21:02:15,57.0531,-135.33,39.09,70,100,28.77
254,Mujiayingzi,CN,2022-04-03 21:02:15,42.1167,118.7833,45.45,35,61,11.95
255,Ambon,ID,2022-04-03 20:57:33,-3.6954,128.1814,80.38,72,100,4.0
256,Krasnoselkup,RU,2022-04-03 21:02:16,65.7,82.4667,3.04,98,98,7.94
257,Cabo San Lucas,MX,2022-04-03 21:01:49,22.8909,-109.9124,78.62,69,29,5.01
258,Viedma,AR,2022-04-03 21:00:27,-40.8135,-62.9967,56.52,53,100,13.85
259,Timra,SE,2022-04-03 21:02:16,62.487,17.3257,28.08,93,40,1.14
260,Khulna,BD,2022-04-03 21:02:16,22.8135,89.5672,78.3,85,24,10.45
261,Ilulissat,GL,2022-04-03 21:02:17,69.2167,-51.1,30.22,80,75,5.75
262,Nome,US,2022-04-03 21:02:17,64.5011,-165.4064,14.16,60,89,5.3
263,Tolaga Bay,NZ,2022-04-03 21:02:17,-38.3667,178.3,66.7,66,8,1.16
264,Menongue,AO,2022-04-03 21:02:18,-14.6585,17.691,62.91,96,85,3.65
265,Calvinia,ZA,2022-04-03 21:02:18,-31.4707,19.776,57.25,68,0,6.31
266,Miri,MY,2022-04-03 21:02:19,4.4148,114.0089,76.15,89,96,3.85
267,Port Macquarie,AU,2022-04-03 21:02:04,-31.4333,152.9167,62.89,87,100,8.7
268,Uzhur,RU,2022-04-03 21:02:19,55.3036,89.8339,21.87,98,100,1.61
269,Musashimurayama,JP,2022-04-03 21:02:19,35.7565,139.3856,46.58,93,100,8.01
270,Conceicao Da Barra,BR,2022-04-03 21:02:05,-18.5933,-39.7322,77.02,79,0,5.55
271,Sabang,ID,2022-04-03 21:02:20,5.8933,95.3214,80.35,77,100,10.98
272,Mezen,RU,2022-04-03 21:02:20,65.8522,44.24,10.36,97,95,3.58
273,Keflavik,IS,2022-04-03 21:02:20,64.0049,-22.5624,39.63,93,75,13.8
274,Sena Madureira,BR,2022-04-03 21:03:30,-9.0656,-68.6569,83.75,65,92,1.72
275,Sayyan,YE,2022-04-03 21:03:31,15.1718,44.3244,57.63,20,89,3.47
276,Marsa Matruh,EG,2022-04-03 21:03:38,31.3525,27.2453,64.17,65,0,8.84
277,Hambantota,LK,2022-04-03 21:03:38,6.1241,81.1185,78.33,83,25,1.16
278,Fairfield,US,2022-04-03 21:03:39,41.2668,-73.3162,43.3,90,100,3.44
279,Alexandria,EG,2022-04-03 21:00:29,31.2156,29.9553,63.3,66,2,9.15
280,Barao De Melgaco,BR,2022-04-03 21:03:39,-16.1944,-55.9675,85.5,65,31,4.23
281,Siniscola,IT,2022-04-03 21:03:40,40.5719,9.6922,44.15,68,100,3.42
282,Rio Gallegos,AR,2022-04-03 21:01:37,-51.6226,-69.2181,46.89,53,88,29.77
283,Lorengau,PG,2022-04-03 21:03:40,-2.0226,147.2712,80.53,77,100,0.98
284,Nichlaul,IN,2022-04-03 21:03:40,27.3167,83.7333,74.16,62,0,7.16
285,Severnyy,RU,2022-04-03 21:03:40,50.677,36.5532,32.04,93,75,6.71
286,Opuwo,NA,2022-04-03 21:03:41,-18.0607,13.84,67.32,67,51,5.48
287,Sao Jose Da Coroa Grande,BR,2022-04-03 21:03:44,-8.8978,-35.1478,78.69,83,30,9.53
288,Ribeira Grande,PT,2022-04-03 21:03:44,38.5167,-28.7,60.78,77,35,9.95
289,Sironj,IN,2022-04-03 21:03:45,24.1,77.7,84.22,12,0,6.49
290,Taoudenni,ML,2022-04-03 21:03:45,22.6783,-3.9836,89.31,10,0,10.04
291,Castro,BR,2022-04-03 21:03:45,-24.7911,-50.0119,68.02,87,75,4.5
292,Qasigiannguit,GL,2022-04-03 21:03:45,68.8193,-51.1922,30.45,93,20,5.5
293,Boulsa,BF,2022-04-03 21:03:46,12.6675,-0.5758,89.89,38,97,16.98
294,Hasaki,JP,2022-04-03 21:03:46,35.7333,140.8333,48.29,74,99,17.09
295,Guymon,US,2022-04-03 21:03:46,36.6828,-101.4816,69.8,18,0,20.71
296,Mananjary,MG,2022-04-03 21:03:46,-21.2167,48.3333,72.91,92,41,6.04
297,Puerto Escondido,MX,2022-04-03 21:03:47,15.85,-97.0667,85.03,74,0,8.05
298,Ust-Karsk,RU,2022-04-03 21:03:47,52.7011,118.8077,20.48,55,23,5.32
299,Kaitangata,NZ,2022-04-03 21:03:47,-46.2817,169.8464,50.63,87,94,5.17
300,Srednekolymsk,RU,2022-04-03 21:03:48,67.45,153.6833,-9.54,100,95,2.01
301,Dois Vizinhos,BR,2022-04-03 21:03:48,-25.7336,-53.0572,74.88,76,73,4.32
302,Kilindoni,TZ,2022-04-03 21:03:48,-7.9139,39.6668,82.51,72,10,8.61
303,Paramonga,PE,2022-04-03 21:03:48,-10.6667,-77.8333,72.5,78,19,10.76
304,Carnarvon,AU,2022-04-03 21:03:49,-24.8667,113.6333,76.33,82,2,9.62
305,Diamantino,BR,2022-04-03 21:00:16,-14.4086,-56.4461,78.44,82,97,2.35
306,Bantou,CN,2022-04-03 21:03:49,26.2151,117.4893,48.92,80,0,2.93
307,Pallisa,UG,2022-04-03 21:03:49,1.145,33.7094,72.19,70,53,4.83
308,Kedrovyy,RU,2022-04-03 21:03:49,56.1667,91.8167,18.01,96,100,3.49
309,Tyrma,RU,2022-04-03 21:03:50,50.0833,132.1667,27.68,90,38,1.57
310,Santo Antonio Do Ica,BR,2022-04-03 21:03:50,-3.1022,-67.9397,79.41,83,86,2.33
311,Rodrigues Alves,BR,2022-04-03 21:03:50,-7.738,-72.6509,80.85,73,83,3.44
312,Andenes,NO,2022-04-03 21:03:51,69.3143,16.1194,28.38,54,0,19.57
313,Morant Bay,JM,2022-04-03 21:03:51,17.8815,-76.4093,85.71,69,8,10.87
314,Kasongo,CD,2022-04-03 21:03:51,-4.45,26.6667,70.11,96,99,1.12
315,Ulagan,RU,2022-04-03 21:03:52,50.6321,87.9563,25.18,93,70,3.2
316,Athabasca,CA,2022-04-03 21:03:52,54.7169,-113.2854,44.67,65,50,13.65
317,Aden,YE,2022-04-03 21:01:04,12.7794,45.0367,82.15,63,6,9.26
318,Chifeng,CN,2022-04-03 21:03:52,42.2683,118.9636,48.96,30,70,13.33
319,Minas,UY,2022-04-03 21:03:52,-34.3759,-55.2377,67.51,73,98,6.76
320,Jashpurnagar,IN,2022-04-03 21:04:53,22.9,84.15,72.68,11,2,4.47
321,Leningradskiy,RU,2022-04-03 21:04:53,69.3833,178.4167,-13.31,99,94,2.44
322,Surt,LY,2022-04-03 21:04:53,31.2089,16.5887,62.49,78,0,14.29
323,Cururupu,BR,2022-04-03 21:04:54,-1.8283,-44.8683,76.46,91,78,4.12
324,Hovd,MN,2022-04-03 21:04:54,48.0056,91.6419,39.47,37,92,6.62
325,Vila Franca Do Campo,PT,2022-04-03 21:04:54,37.7167,-25.4333,59.41,75,15,12.24
326,Muskegon,US,2022-04-03 21:04:54,43.3,-86.1334,45.86,69,20,10.36
327,Camacha,PT,2022-04-03 21:04:55,33.0833,-16.3333,58.42,67,75,32.21
328,Kaeo,NZ,2022-04-03 21:04:55,-35.1,173.7833,67.32,92,17,0.45
329,Talnakh,RU,2022-04-03 21:04:55,69.4865,88.3972,0.3,98,87,6.64
330,Torgau,DE,2022-04-03 21:04:55,51.5667,13.0,39.11,91,99,10.42
331,Grand Gaube,MU,2022-04-03 21:04:56,-20.0064,57.6608,80.38,82,25,5.99
332,Mareeba,AU,2022-04-03 21:04:56,-17.0,145.4333,72.45,92,14,1.79
333,Katangli,RU,2022-04-03 21:04:56,51.7102,143.2326,38.01,71,94,15.68
334,Ballina,AU,2022-04-03 21:04:57,-28.8667,153.5667,64.78,99,99,3.85
335,Bathsheba,BB,2022-04-03 21:04:57,13.2167,-59.5167,83.01,61,20,18.41
336,Porto Novo,BJ,2022-04-03 20:59:57,6.4965,2.6036,84.02,82,96,9.15
337,Pimentel,PE,2022-04-03 21:04:57,-6.8367,-79.9342,79.09,53,0,24.16
338,Tarauaca,BR,2022-04-03 21:04:57,-8.1614,-70.7656,81.72,70,100,2.08
339,Rosarito,MX,2022-04-03 21:04:58,32.3333,-117.0333,64.47,76,94,9.82
340,Tezu,IN,2022-04-03 21:04:58,27.9167,96.1667,66.58,96,100,4.52
341,Hobyo,SO,2022-04-03 21:04:58,5.3505,48.5268,81.36,75,20,9.53
342,Dongsheng,CN,2022-04-03 21:04:58,39.8161,109.9776,42.57,31,0,6.96
343,Puerto Leguizamo,CO,2022-04-03 21:04:59,-0.1934,-74.7819,83.95,63,100,2.15
344,Koumac,NC,2022-04-03 21:04:59,-20.5667,164.2833,80.1,85,100,4.45
345,Khorixas,NA,2022-04-03 21:04:59,-20.3667,14.9667,64.51,43,0,7.0
346,Tres Arroyos,AR,2022-04-03 21:05:00,-38.3739,-60.2798,57.45,39,28,12.12
347,Olinda,BR,2022-04-03 21:05:00,-8.0089,-34.8553,82.13,78,75,9.22
348,Puerto Madryn,AR,2022-04-03 21:05:00,-42.7692,-65.0385,63.27,22,21,21.27
349,Sinnamary,GF,2022-04-03 21:05:00,5.3833,-52.95,78.33,88,59,11.34
350,Port-Cartier,CA,2022-04-03 21:05:03,50.0334,-66.8654,34.86,85,60,9.19
351,Xai-Xai,MZ,2022-04-03 21:05:03,-25.0519,33.6442,75.65,66,1,11.45
352,Bonfim,BR,2022-04-03 21:05:04,3.0833,-59.95,76.77,78,99,7.67
353,Broken Hill,AU,2022-04-03 21:05:05,-31.95,141.4333,57.56,60,0,5.75
354,Bandarbeyla,SO,2022-04-03 21:05:09,9.4942,50.8122,78.66,76,86,3.33
355,Clovis,US,2022-04-03 21:05:09,36.8252,-119.7029,78.4,36,40,6.91
356,Aksha,RU,2022-04-03 21:05:09,50.2814,113.2867,27.66,63,99,2.39
357,Tupik,RU,2022-04-03 21:05:09,54.4253,119.9327,12.43,86,80,9.4
358,Kikwit,CD,2022-04-03 21:05:10,-5.041,18.8162,72.7,89,44,2.01
359,Aksu,CN,2022-04-03 21:05:10,41.1231,80.2644,55.94,30,0,1.74
360,San Cristobal,VE,2022-04-03 21:05:11,7.7669,-72.225,78.98,53,51,5.19
361,Ostrovnoy,RU,2022-04-03 21:05:11,68.0531,39.5131,12.47,95,99,6.49
362,Teahupoo,PF,2022-04-03 21:05:13,-17.8333,-149.2667,78.76,78,28,14.25
363,Smidovich,RU,2022-04-03 21:05:13,48.6,133.8167,35.91,77,52,14.05
364,Barda,AZ,2022-04-03 21:05:14,40.3744,47.1267,69.75,26,85,4.25
365,Hamilton,US,2022-04-03 21:05:14,39.1834,-84.5333,59.76,45,40,4.61
366,Husavik,IS,2022-04-03 21:05:15,66.0449,-17.3389,29.19,95,100,11.9
367,Zhigansk,RU,2022-04-03 21:06:16,66.7697,123.3711,0.32,97,91,9.73
368,Cairo Montenotte,IT,2022-04-03 21:06:16,44.4031,8.2746,47.71,93,63,1.39
369,Kamenka,RU,2022-04-03 21:02:46,51.3223,42.7678,41.25,85,100,7.49
370,Tayoltita,MX,2022-04-03 21:06:16,24.0833,-105.9333,87.13,16,0,9.17
371,Waw,SS,2022-04-03 21:06:17,7.7029,27.9953,82.53,49,73,3.56
372,Novoagansk,RU,2022-04-03 21:06:17,61.9449,76.6625,24.35,90,100,12.1
373,Iracoubo,GF,2022-04-03 21:06:18,5.4802,-53.2011,78.15,88,47,11.88
374,Lichinga,MZ,2022-04-03 21:06:18,-13.3128,35.2406,64.49,100,0,3.44
375,Saint-Pierre,RE,2022-04-03 21:06:20,-21.3393,55.4781,74.88,88,100,6.91
376,Bowen,AU,2022-04-03 21:06:20,-20.0167,148.2333,78.75,78,50,6.78
377,Grimma,DE,2022-04-03 21:06:20,51.2333,12.7167,39.56,87,93,9.71
378,Nevers,FR,2022-04-03 21:07:01,46.9167,3.3333,28.42,88,51,3.49
379,Harnosand,SE,2022-04-03 21:07:18,62.6323,17.9379,26.62,88,100,5.12
380,Gayny,RU,2022-04-03 21:07:26,60.3071,54.3241,36.14,99,100,9.53
381,Birin,NP,2022-04-03 21:07:26,26.8865,88.0718,58.17,84,51,3.02
382,Grinnell,US,2022-04-03 21:07:26,41.743,-92.7224,46.38,81,100,10.36
383,Palmer,US,2022-04-03 21:07:30,42.1584,-72.3287,48.81,72,100,0.0
384,Chernyshevskiy,RU,2022-04-03 21:07:38,63.0128,112.4714,6.48,98,100,2.51
385,Tessalit,ML,2022-04-03 21:07:38,20.1986,1.0114,90.36,8,0,6.44
386,Sao Filipe,CV,2022-04-03 21:07:41,14.8961,-24.4956,71.6,73,17,9.24
387,Westport,US,2022-04-03 21:03:09,41.1415,-73.3579,45.9,92,100,3.44
388,Tokuyama,JP,2022-04-03 21:07:42,34.05,131.8167,44.22,62,0,4.76
389,Mackay,AU,2022-04-03 21:07:43,-21.15,149.2,76.68,80,90,8.48
390,Manama,BH,2022-04-03 21:07:44,26.2154,50.5832,76.33,46,0,4.61
391,Port Lincoln,AU,2022-04-03 21:06:57,-34.7333,135.8667,58.51,83,1,3.18
392,Lakatoro,VU,2022-04-03 21:08:12,-16.0999,167.4164,77.05,87,100,12.41
393,Loandjili,CG,2022-04-03 21:08:12,-4.7561,11.8578,78.37,91,49,4.59
394,Namibe,AO,2022-04-03 21:08:13,-15.1961,12.1522,71.01,79,100,7.45
395,Feni,BD,2022-04-03 21:08:13,23.0186,91.41,76.68,89,5,8.84
396,Alice Springs,AU,2022-04-03 21:03:30,-23.7,133.8833,49.55,57,0,0.0
397,Jakarta,ID,2022-04-03 21:08:14,-6.2146,106.8451,84.52,94,100,1.32
398,Iquique,CL,2022-04-03 21:08:14,-20.2208,-70.1431,68.04,70,5,8.7
399,Sala,MA,2022-04-03 21:06:08,34.0389,-6.8166,58.75,94,75,0.0
400,Panormos,GR,2022-04-03 21:08:14,35.4182,24.6909,58.12,61,13,3.71
401,Himatangi,NZ,2022-04-03 21:08:15,-40.4,175.3167,65.52,78,37,3.6
402,Hualmay,PE,2022-04-03 21:08:15,-11.0964,-77.6139,73.02,76,18,10.11
403,Bonavista,CA,2022-04-03 21:08:11,48.6499,-53.1147,36.37,86,99,14.23
404,Eureka,US,2022-04-03 21:08:16,40.8021,-124.1637,64.67,68,98,7.0
405,Meulaboh,ID,2022-04-03 21:08:17,4.1363,96.1285,74.19,84,100,2.84
406,Adrar,MR,2022-04-03 21:08:20,20.5022,-10.0711,80.6,12,0,11.54
407,Muroto,JP,2022-04-03 21:08:20,33.2833,134.15,54.95,71,92,6.76
408,Kahului,US,2022-04-03 21:08:21,20.8947,-156.47,78.82,69,20,27.63
409,Muros,ES,2022-04-03 21:08:21,42.7762,-9.0603,47.08,56,0,20.24
410,Basoko,CD,2022-04-03 21:08:21,1.2391,23.616,72.9,93,94,1.3
411,Rocha,UY,2022-04-03 21:08:21,-34.4833,-54.3333,68.58,76,98,8.34
412,Acari,PE,2022-04-03 21:08:22,-15.4311,-74.6158,77.86,63,12,8.57
413,Mount Isa,AU,2022-04-03 21:04:33,-20.7333,139.5,73.17,25,100,5.75
414,Haines Junction,CA,2022-04-03 21:09:22,60.7522,-137.5108,32.81,79,100,3.2
415,Samarai,PG,2022-04-03 21:09:23,-10.6167,150.6667,80.8,77,89,9.91
416,Lenoir,US,2022-04-03 21:09:23,35.2335,-77.6497,71.89,18,0,11.5
417,Laguna,US,2022-04-03 21:09:23,38.421,-121.4238,81.14,18,0,8.05
418,Kaiyuan,CN,2022-04-03 21:09:23,23.6977,103.3037,50.31,72,1,3.67
419,San Policarpo,PH,2022-04-03 21:09:24,12.1791,125.5072,79.48,84,93,12.3
420,Cockburn Town,TC,2022-04-03 21:09:24,21.4612,-71.1419,82.36,69,40,17.27
421,Burnie,AU,2022-04-03 21:09:24,-41.0667,145.9167,58.21,77,51,3.15
422,Lima,PE,2022-04-03 21:06:43,-12.0432,-77.0282,68.25,73,0,12.66
423,Rio Cuarto,AR,2022-04-03 21:06:31,-33.1307,-64.3499,67.33,34,0,14.97
424,Kirkwood,US,2022-04-03 21:09:25,38.5834,-90.4068,68.79,31,75,8.05
425,Galveston,US,2022-04-03 21:09:25,29.3669,-94.9669,81.18,65,0,12.66
426,Coihaique,CL,2022-04-03 21:09:25,-45.5752,-72.0662,51.75,62,75,5.75
427,Berlevag,NO,2022-04-03 21:09:25,70.8578,29.0864,26.6,59,75,13.8
428,Twentynine Palms,US,2022-04-03 21:09:26,34.1356,-116.0542,80.13,22,100,4.0
429,Santa Barbara,US,2022-04-03 21:06:41,34.7333,-120.0343,65.91,66,0,8.05
430,Chiknayakanhalli,IN,2022-04-03 21:09:26,13.4172,76.6228,75.63,42,43,3.36
431,Banda Aceh,ID,2022-04-03 21:09:26,5.5577,95.3222,77.54,82,100,7.52
432,Maldonado,UY,2022-04-03 21:09:27,-34.6667,-54.9167,70.23,65,79,10.09
433,Calama,CL,2022-04-03 21:09:27,-22.4667,-68.9333,72.09,17,0,18.41
434,Robertsport,LR,2022-04-03 21:09:27,6.7533,-11.3686,79.43,86,100,10.42
435,Pisco,PE,2022-04-03 21:09:27,-13.7,-76.2167,71.65,73,0,20.71
436,Moerai,PF,2022-04-03 21:09:28,-22.4333,-151.3333,81.19,76,100,13.42
437,Isangel,VU,2022-04-03 21:07:47,-19.55,169.2667,81.59,81,100,8.79
438,Yilan,TW,2022-04-03 21:09:28,24.757,121.753,62.91,88,100,1.43
439,Vakhrushev,RU,2022-04-03 21:09:28,48.9833,142.9667,43.11,57,11,14.5
440,Lasa,IT,2022-04-03 21:09:28,46.6166,10.7002,36.36,96,100,0.92
441,Columbia,US,2022-04-03 21:06:19,34.0007,-81.0348,74.88,18,0,8.05
442,Araouane,ML,2022-04-03 21:09:29,18.9048,-3.5265,89.6,11,0,8.03
443,Cochabamba,BO,2022-04-03 21:09:29,-17.3895,-66.1568,65.8,68,75,9.22
444,Iqaluit,CA,2022-04-03 21:09:29,63.7506,-68.5145,27.7,86,55,15.99
445,Igarka,RU,2022-04-03 21:09:30,67.4667,86.5833,-9.47,100,100,3.24
446,Tual,ID,2022-04-03 21:09:30,-5.6667,132.75,81.59,66,43,1.23
447,Goderich,CA,2022-04-03 21:09:30,43.7501,-81.7165,36.91,82,49,13.04
448,Midlothian,US,2022-04-03 21:09:31,32.4824,-96.9945,86.02,39,0,17.27
449,Jega,NG,2022-04-03 21:09:31,12.2175,4.3792,91.87,8,100,5.37
450,Salon-De-Provence,FR,2022-04-03 21:09:31,43.6407,5.0954,43.65,68,0,8.05
451,Praia,CV,2022-04-03 21:09:31,14.9215,-23.5087,70.34,68,20,10.36
452,Goure,NE,2022-04-03 21:09:32,13.9835,10.2704,80.1,7,11,3.24
453,Portland,US,2022-04-03 21:09:25,45.5234,-122.6762,58.44,65,100,14.97
454,Vulcan,RO,2022-04-03 21:09:32,45.3833,23.2667,27.64,86,93,5.84
455,Poronaysk,RU,2022-04-03 21:09:32,49.2167,143.1167,41.31,62,14,13.18
456,Mercedes,AR,2022-04-03 21:09:33,-34.6515,-59.4307,66.78,51,88,6.49
457,Polunochnoye,RU,2022-04-03 21:09:33,60.8697,60.4153,28.06,99,100,2.95
458,Champerico,GT,2022-04-03 21:09:33,14.3,-91.9167,85.89,62,2,15.3
459,Lons-Le-Saunier,FR,2022-04-03 21:10:33,46.75,5.75,34.23,98,33,4.38
460,Fort Nelson,CA,2022-04-03 21:10:38,58.8053,-122.7002,33.26,99,100,4.16
461,Pierre,US,2022-04-03 21:08:52,44.3683,-100.351,45.86,69,100,17.27
462,Indi,IN,2022-04-03 21:10:38,17.1667,75.9667,91.65,21,96,7.67
463,Shache,CN,2022-04-03 21:10:38,38.4167,77.2406,57.51,21,19,3.62
464,Beckley,US,2022-04-03 21:08:49,37.7782,-81.1882,55.29,41,20,10.36
465,Praia Da Vitoria,PT,2022-04-03 21:10:39,38.7333,-27.0667,60.76,85,11,14.99
466,Yarada,IN,2022-04-03 21:10:39,17.65,83.2667,82.72,83,40,5.75
467,Rawson,AR,2022-04-03 21:10:39,-43.3002,-65.1023,61.65,27,11,12.44
468,Freeport,US,2022-04-03 21:06:50,40.6576,-73.5832,47.52,71,100,4.61
469,Samarinda,ID,2022-04-03 21:10:40,-0.5,117.15,70.38,94,97,1.68
470,Presidencia Roque Saenz Pena,AR,2022-04-03 21:10:40,-26.7852,-60.4388,70.57,92,96,5.03
471,Lusambo,CD,2022-04-03 21:10:41,-4.9667,23.45,69.75,99,99,1.3
472,Roswell,US,2022-04-03 21:10:42,34.0232,-84.3616,69.85,23,0,13.8
473,Dauphin,CA,2022-04-03 21:10:42,51.1494,-100.0502,34.99,80,87,2.15
474,Aklavik,CA,2022-04-03 21:10:43,68.2191,-135.0107,-5.46,86,100,11.23
475,Tommot,RU,2022-04-03 21:10:44,58.9564,126.2925,15.84,94,100,6.98
476,Simpang,ID,2022-04-03 21:10:44,-1.2667,104.0833,72.93,97,18,1.25
477,Keti Bandar,PK,2022-04-03 21:10:44,24.1447,67.4497,77.97,68,21,11.74
478,Kyra,RU,2022-04-03 21:10:45,49.5776,111.9753,27.32,83,80,1.97
479,Ambilobe,MG,2022-04-03 21:10:45,-13.2,49.05,73.13,96,97,2.39
480,Waingapu,ID,2022-04-03 21:10:45,-9.6567,120.2641,75.83,83,17,4.0
481,Acapulco,MX,2022-04-03 21:09:23,16.8634,-99.8901,80.42,74,75,9.22
482,Jalu,LY,2022-04-03 21:10:46,29.0331,21.5482,77.36,13,8,11.88
483,Tucuman,AR,2022-04-03 21:10:14,-26.8241,-65.2226,77.0,47,0,5.75
484,Dortyol,TR,2022-04-03 21:10:46,36.8616,36.2289,58.91,67,92,2.55
485,Camalu,MX,2022-04-03 21:10:46,30.85,-116.0667,63.95,58,23,12.41
486,Hay River,CA,2022-04-03 21:10:46,60.8156,-115.7999,32.86,97,100,8.79
487,Pechora,RU,2022-04-03 21:10:47,65.1472,57.2244,20.43,88,100,7.61
488,Batemans Bay,AU,2022-04-03 21:10:47,-35.7167,150.1833,63.1,65,99,5.79
489,Butte,US,2022-04-03 21:10:47,39.6499,-121.5677,77.38,17,99,5.73
490,Nyurba,RU,2022-04-03 21:10:47,63.2842,118.3319,-8.68,100,99,2.1
491,Saldanha,ZA,2022-04-03 21:10:48,-33.0117,17.9442,61.38,80,0,6.89
492,Kerema,PG,2022-04-03 21:10:48,-7.9631,145.7785,77.25,83,90,4.59
493,Noumea,NC,2022-04-03 21:06:56,-22.2763,166.4572,82.0,99,89,10.98
494,Banjar,ID,2022-04-03 21:10:48,-8.19,114.9675,75.34,88,12,3.31
495,La Macarena,CO,2022-04-03 21:10:49,2.1837,-73.7849,80.87,81,93,3.0
496,Abha,SA,2022-04-03 21:10:52,18.2164,42.5053,61.05,34,0,4.61
497,Ahipara,NZ,2022-04-03 21:11:14,-35.1667,173.1667,68.61,77,2,2.53
498,Honningsvag,NO,2022-04-03 21:11:14,70.9821,25.9704,28.15,50,40,14.97
499,Kieta,PG,2022-04-03 21:11:17,-6.2167,155.6333,80.64,81,88,1.5
500,Charters Towers,AU,2022-04-03 21:11:18,-20.1,146.2667,73.15,89,100,5.82
501,Ringebu,NO,2022-04-03 21:11:18,61.5167,10.1667,24.26,94,100,2.8
502,Suntar,RU,2022-04-03 21:11:19,62.1444,117.6319,-2.43,100,80,3.2
503,Flinders,AU,2022-04-03 21:11:19,-34.5833,150.8552,63.25,82,1,8.99
504,Oranjemund,NA,2022-04-03 21:12:20,-28.55,16.4333,59.86,92,1,4.05
505,Mega,ET,2022-04-03 21:12:20,4.05,38.3,65.44,45,67,10.13
506,Mpanda,TZ,2022-04-03 21:12:20,-6.3655,31.0409,67.1,93,100,1.92
507,Mantua,IT,2022-04-03 21:12:20,45.1667,10.7833,47.44,82,90,3.0
508,Poum,NC,2022-04-03 21:12:21,-20.2333,164.0167,81.81,82,100,16.73
509,Constitucion,CL,2022-04-03 21:12:21,-35.3333,-72.4167,62.02,47,0,21.32
510,Negrar,IT,2022-04-03 21:12:21,45.5288,10.938,45.91,75,75,3.44
511,Sola,VU,2022-04-03 21:12:22,-13.8833,167.55,79.48,75,100,10.0
512,Tura,IN,2022-04-03 21:12:22,25.5198,90.2201,68.83,96,13,6.38
513,Taunggyi,MM,2022-04-03 21:12:22,20.7833,97.0333,62.42,67,56,4.09
514,Witu,KE,2022-04-03 21:12:22,-2.3889,40.4382,82.56,83,66,6.6
515,Kirakira,SB,2022-04-03 21:12:23,-10.4544,161.9205,81.36,84,100,11.01
516,Lae,PG,2022-04-03 21:12:23,-6.7221,146.9847,76.39,89,100,7.61
517,Kribi,CM,2022-04-03 21:12:23,2.95,9.9167,80.35,83,30,7.27
518,Pechenga,RU,2022-04-03 21:12:24,69.5259,31.1703,10.15,98,98,0.89
519,Phalaborwa,ZA,2022-04-03 21:12:24,-23.943,31.1411,76.53,47,21,4.54
520,Keetmanshoop,NA,2022-04-03 21:12:25,-26.5833,18.1333,65.28,36,0,7.81
521,Necochea,AR,2022-04-03 21:12:25,-38.5473,-58.7368,55.63,54,97,22.75
522,Vostok,RU,2022-04-03 21:12:26,46.4856,135.8833,27.79,81,0,6.89
523,Vabalninkas,LT,2022-04-03 21:12:26,55.9667,24.75,28.72,77,97,7.74
524,Phan Thiet,VN,2022-04-03 21:12:27,10.9333,108.1,76.35,74,89,6.26
525,Faya,SA,2022-04-03 21:12:27,18.3851,42.4509,61.32,31,90,2.53
526,Yagodnoye,RU,2022-04-03 21:12:27,62.55,149.6667,-14.1,98,19,3.22
527,Guerrero Negro,MX,2022-04-03 21:12:28,27.9769,-114.0611,65.91,53,22,15.9
528,Asfi,MA,2022-04-03 21:12:28,32.2994,-9.2372,59.86,75,37,10.65
529,Xuddur,SO,2022-04-03 21:12:28,4.1213,43.8894,78.73,69,42,15.75
530,Tigil,RU,2022-04-03 21:12:28,57.8,158.6667,16.3,92,94,5.44
531,Jabinyanah,TN,2022-04-03 21:12:29,35.035,10.9081,56.19,67,100,18.54
532,Shimoda,JP,2022-04-03 21:12:29,34.6667,138.95,49.1,91,100,17.87
533,Winslow,US,2022-04-03 21:09:23,35.0242,-110.6974,73.96,18,0,12.66
534,Kalmunai,LK,2022-04-03 21:12:31,7.4167,81.8167,78.42,82,3,3.8
535,Suarez,CO,2022-04-03 21:12:31,2.954,-76.6964,76.05,83,96,4.09
536,Benghazi,LY,2022-04-03 21:12:31,32.1167,20.0667,66.52,55,1,15.88
537,Puerto Del Rosario,ES,2022-04-03 21:12:31,28.5004,-13.8627,65.95,82,75,12.66
538,Carutapera,BR,2022-04-03 21:12:32,-1.195,-46.02,76.91,92,100,6.71
539,Tabou,CI,2022-04-03 21:12:32,4.423,-7.3528,80.37,83,100,10.92
540,Wainwright,CA,2022-04-03 21:12:32,52.839,-110.8572,51.42,33,90,15.66
541,Talcahuano,CL,2022-04-03 21:12:32,-36.7167,-73.1167,60.48,59,0,20.71
542,Minot,US,2022-04-03 21:12:04,48.2325,-101.2963,46.62,49,20,3.44
543,Wukari,NG,2022-04-03 21:08:11,7.85,9.7833,89.38,32,100,4.72
544,Villa Carlos Paz,AR,2022-04-03 21:11:29,-31.4241,-64.4978,71.38,27,0,8.99
545,Santa Lucia,ES,2022-04-03 21:09:09,27.9117,-15.5407,58.32,82,75,3.44
546,Coffs Harbour,AU,2022-04-03 21:11:44,-30.3,153.1333,66.16,82,100,8.61
547,Kapit,MY,2022-04-03 21:12:33,2.0167,112.9333,71.94,100,98,0.58
548,Shakhunya,RU,2022-04-03 21:12:34,57.6758,46.6114,27.41,85,99,9.62
549,Mehamn,NO,2022-04-03 21:12:34,71.0357,27.8492,26.55,54,75,9.22
550,Imeni Poliny Osipenko,RU,2022-04-03 21:12:35,52.4201,136.4853,34.66,84,100,11.81
551,Dunda,TZ,2022-04-03 21:12:35,-8.1167,34.25,65.71,81,66,2.86
552,Dwarka,IN,2022-04-03 21:12:35,22.2394,68.9678,77.97,73,0,10.4
553,Basco,PH,2022-04-03 21:13:36,20.4487,121.9702,74.95,76,100,31.59
554,Guarapari,BR,2022-04-03 21:13:36,-20.6667,-40.4975,80.89,83,35,1.95
555,Ryotsu,JP,2022-04-03 21:13:36,38.0833,138.4333,47.26,79,90,6.91
556,Baykit,RU,2022-04-03 21:13:36,61.67,96.37,-1.25,100,63,3.0
557,Katherine,AU,2022-04-03 21:13:37,-14.4667,132.2667,73.72,68,29,0.0
558,Kangaatsiaq,GL,2022-04-03 21:13:37,68.3065,-53.4641,26.91,92,22,8.7
559,Manta,EC,2022-04-03 21:13:37,-0.95,-80.7333,80.38,78,40,6.91
560,Nagato,JP,2022-04-03 21:13:38,34.3833,131.2,38.19,78,0,9.93
561,Mtwara,TZ,2022-04-03 21:13:38,-10.2667,40.1833,78.04,85,30,4.09
562,Santarem,BR,2022-04-03 21:13:38,-2.4431,-54.7083,80.73,89,40,4.61
563,North Branch,US,2022-04-03 21:13:38,45.5113,-92.9802,40.08,81,100,6.35
564,Ust-Nera,RU,2022-04-03 21:13:39,64.5667,143.2,-7.8,97,66,2.53
565,Valparaiso,CL,2022-04-03 21:13:39,-33.0393,-71.6273,71.83,53,0,16.11
566,Urumqi,CN,2022-04-03 21:10:56,43.801,87.6005,50.95,40,0,8.95
567,Luena,AO,2022-04-03 21:13:39,-11.7833,19.9167,63.54,95,77,4.27
568,Humberto De Campos,BR,2022-04-03 21:13:40,-2.5983,-43.4611,78.06,87,84,6.38
569,Antequera,ES,2022-04-03 21:13:40,37.0194,-4.5612,51.3,83,100,6.08
570,Tiznit,MA,2022-04-03 21:13:40,29.5833,-9.5,58.75,58,34,2.68
571,Mitu,CO,2022-04-03 21:13:40,1.1983,-70.1733,79.05,90,85,2.26
572,Tselinnoye,RU,2022-04-03 21:13:41,53.0833,85.6667,34.5,100,100,5.61
573,Salalah,OM,2022-04-03 21:13:41,17.0151,54.0924,78.89,89,0,3.44
574,Adolfo Lopez Mateos,MX,2022-04-03 21:13:41,28.4667,-107.3,76.93,5,37,20.69
575,Kysyl-Syr,RU,2022-04-03 21:13:41,63.8986,122.7617,15.42,96,100,4.47
576,Ostersund,SE,2022-04-03 21:13:42,63.1792,14.6357,27.61,100,100,10.36
577,Harper,LR,2022-04-03 21:13:42,4.375,-7.7169,80.08,83,100,9.71
578,Pilani,IN,2022-04-03 21:10:12,28.3684,75.6041,77.63,5,0,6.49
579,Tyler,US,2022-04-03 21:13:42,32.3513,-95.3011,83.89,39,0,13.8
580,Oktyabrskoye,RU,2022-04-03 21:13:42,43.0645,44.7417,50.14,66,43,11.18
581,Kudahuvadhoo,MV,2022-04-03 21:13:43,2.6708,72.8944,82.6,64,7,2.57
582,Algiers,DZ,2022-04-03 21:13:43,36.7525,3.042,51.62,66,75,10.36
583,Cedar City,US,2022-04-03 21:12:15,37.6775,-113.0619,59.4,35,100,13.8
584,Zatoka,UA,2022-04-03 21:13:43,46.0725,30.4654,42.21,73,100,15.52
585,Niquero,CU,2022-04-03 21:13:44,20.0431,-77.5828,84.52,61,11,8.5
586,Yuanping,CN,2022-04-03 21:13:44,38.7153,112.7575,45.23,33,29,0.63
587,Nortelandia,BR,2022-04-03 21:13:44,-14.4547,-56.8028,78.51,85,79,2.04
588,Kununurra,AU,2022-04-03 21:13:44,-15.7667,128.7333,64.38,94,22,3.44
589,Sangueya,GN,2022-04-03 21:13:45,10.7,-14.3667,74.1,74,11,5.19
590,Mahibadhoo,MV,2022-04-03 21:13:45,3.7833,72.9667,82.44,69,12,1.59
591,Calatayud,ES,2022-04-03 21:13:27,41.3535,-1.6432,34.03,64,1,3.58
592,Camargo,MX,2022-04-03 21:13:45,27.6667,-105.1667,86.86,6,16,3.65
593,Catamarca,AR,2022-04-03 21:13:46,-28.4696,-65.7852,79.59,33,0,11.59
594,Solwezi,ZM,2022-04-03 21:13:46,-12.1688,26.3894,61.56,96,86,2.08
595,Grootegast,NL,2022-04-03 21:13:46,53.2125,6.2736,39.97,64,98,8.23
596,Ubinskoye,RU,2022-04-03 21:13:46,55.3068,79.6802,32.88,100,100,6.24
597,Caravelas,BR,2022-04-03 21:13:47,-17.7125,-39.2481,77.07,75,0,5.44
598,Aloleng,PH,2022-04-03 21:13:47,16.1307,119.7824,78.62,71,82,7.14
599,Lata,PT,2022-04-03 21:14:47,40.1629,-8.3327,42.82,48,4,5.01
600,Makakilo City,US,2022-04-03 21:14:47,21.3469,-158.0858,79.12,54,75,25.32
601,Quatre Cocos,MU,2022-04-03 21:14:48,-20.2078,57.7625,79.09,78,29,12.03
602,Turukhansk,RU,2022-04-03 21:14:48,65.8167,87.9833,-5.87,100,25,5.08
603,Araguacu,BR,2022-04-03 21:14:48,-12.9306,-49.8264,79.11,68,9,2.39
604,Caucaia,BR,2022-04-03 21:14:49,-3.7361,-38.6531,82.04,76,75,14.97
605,Tateyama,JP,2022-04-03 21:14:49,34.9833,139.8667,48.13,87,75,14.97
606,Petatlan,MX,2022-04-03 21:14:49,17.5167,-101.2667,82.2,46,100,7.65
607,Luanda,AO,2022-04-03 21:14:49,-8.8368,13.2343,78.8,89,75,10.36
608,Banyo,CM,2022-04-03 21:14:50,6.75,11.8167,78.46,38,100,4.07
609,Filadelfia,US,2022-04-03 21:13:10,39.9523,-75.1638,54.05,61,75,23.02
610,Gushikawa,JP,2022-04-03 21:14:50,26.3544,127.8686,63.63,77,0,8.05
611,San Pedro,PH,2022-04-03 21:14:50,14.35,121.0167,78.35,79,98,9.46
612,Japura,ID,2022-04-03 21:14:50,-0.3167,102.35,73.2,94,11,1.21
613,Suining,CN,2022-04-03 21:14:51,30.508,105.5733,60.37,74,100,12.73
614,Cedeno,CO,2022-04-03 21:14:51,7.0464,-72.1634,83.35,66,86,1.9
615,Mabaruma,GY,2022-04-03 21:14:51,8.2,-59.7833,80.47,71,100,6.67
616,Varberg,SE,2022-04-03 21:14:52,57.1056,12.2508,42.06,90,100,21.32
617,Kurumkan,RU,2022-04-03 21:14:52,54.3,110.3,7.12,89,43,4.52
618,Maniitsoq,GL,2022-04-03 21:14:52,65.4167,-52.9,32.67,88,3,7.05
619,Auki,SB,2022-04-03 21:14:52,-8.7676,160.7034,78.85,87,100,6.62
620,Dongying,CN,2022-04-03 21:14:53,37.4564,118.4856,50.94,51,0,7.09
621,Ixtapa,MX,2022-04-03 21:14:53,20.7,-105.2,76.23,65,0,12.66
622,Kirkenaer,NO,2022-04-03 21:14:53,60.4564,12.0582,31.84,84,100,1.43
623,Gurupa,BR,2022-04-03 21:11:16,-1.405,-51.64,76.68,95,98,2.42
624,Barahona,DO,2022-04-03 21:14:54,18.2085,-71.1008,82.22,78,20,13.8
625,Shitanjing,CN,2022-04-03 21:14:54,39.2342,106.3439,47.19,11,99,6.17
626,Bambanglipuro,ID,2022-04-03 21:14:54,-7.95,110.2833,75.7,87,100,3.09
627,Balikpapan,ID,2022-04-03 21:14:54,-1.2675,116.8289,74.39,100,40,5.75
628,Papetoai,PF,2022-04-03 21:14:55,-17.4961,-149.8729,83.79,75,13,12.3
629,Nelson Bay,AU,2022-04-03 21:14:55,-32.7167,152.15,63.0,90,74,4.68
630,Bila Tserkva,UA,2022-04-03 21:14:55,49.8094,30.1121,33.19,80,100,11.95
631,Mardin,TR,2022-04-03 21:14:55,37.3131,40.7436,54.66,44,0,1.14
632,Rudnichnyy,RU,2022-04-03 21:14:56,59.617,52.4703,34.3,99,100,10.56
633,Igrim,RU,2022-04-03 21:14:56,63.1906,64.4162,27.64,96,100,12.75
634,Shebalino,RU,2022-04-03 21:14:56,51.2917,85.6772,34.84,81,90,5.48
635,Batsfjord,NO,2022-04-03 21:14:56,70.6345,29.7185,26.53,74,75,13.8
636,Shumskiy,RU,2022-04-03 21:14:57,54.8318,99.1328,23.86,95,100,2.51
637,Grindavik,IS,2022-04-03 21:14:57,63.8424,-22.4338,39.67,93,75,13.8
638,Jacqueville,CI,2022-04-03 21:14:57,5.2052,-4.4146,81.99,87,100,14.12
639,Nouadhibou,MR,2022-04-03 21:14:57,20.931,-17.0347,64.94,87,0,11.68
640,Sao Miguel Do Araguaia,BR,2022-04-03 21:14:58,-13.275,-50.1628,78.64,68,15,4.45
641,San Ramon,US,2022-04-03 21:10:16,37.7799,-121.978,82.62,38,0,16.11
642,Los Llanos De Aridane,ES,2022-04-03 21:14:58,28.6585,-17.9182,56.95,97,75,12.66
643,Asilah,MA,2022-04-03 21:14:58,35.465,-6.0348,57.16,71,100,21.32
644,Beloha,MG,2022-04-03 21:14:59,-25.1667,45.05,72.0,89,0,10.63
645,Nisia Floresta,BR,2022-04-03 21:14:59,-6.0911,-35.2086,77.81,86,82,6.91
646,Laramie,US,2022-04-03 21:15:59,41.3114,-105.5911,53.1,15,0,17.27
647,Trinidad,BO,2022-04-03 21:15:59,-14.8333,-64.9,87.78,55,20,4.61
648,Gazanjyk,TM,2022-04-03 21:16:00,39.2446,55.5154,76.32,18,0,2.71
649,Lively,CA,2022-04-03 21:16:00,46.4334,-81.1498,40.01,68,100,2.71
650,Hounde,BF,2022-04-03 21:16:00,11.5,-3.5167,90.75,36,100,3.74
651,Abu Kamal,SY,2022-04-03 21:16:00,34.4506,40.9171,71.87,21,89,9.6
652,Dicabisagan,PH,2022-04-03 21:16:01,17.0818,122.4157,75.24,90,98,5.53
653,Labuhan,ID,2022-04-03 21:16:01,-6.8844,112.2051,75.69,89,100,6.35
654,Gull Lake,CA,2022-04-03 21:16:01,50.1001,-108.4847,51.75,20,18,10.8
655,Spirit River,CA,2022-04-03 21:16:02,55.7833,-118.8361,45.03,32,3,10.45
656,Bako,ET,2022-04-03 21:16:02,5.7833,36.5667,69.8,44,21,3.8
657,Karasjok,NO,2022-04-03 21:16:02,69.4719,25.5112,14.65,93,100,7.52
658,Prince Rupert,CA,2022-04-03 21:13:21,54.3161,-130.3201,41.09,93,75,12.66
659,Manaure,CO,2022-04-03 21:16:03,11.7751,-72.4445,86.7,59,74,13.67
660,Douglas,US,2022-04-03 21:14:50,41.3,-96.167,66.07,47,0,16.11
661,Cayenne,GF,2022-04-03 21:16:03,4.9333,-52.3333,81.09,1,75,4.0
662,Te Anau,NZ,2022-04-03 21:16:04,-45.4167,167.7167,51.01,62,47,1.19
663,Port Lavaca,US,2022-04-03 21:16:04,28.615,-96.6261,86.14,70,0,13.8
664,Friesach,AT,2022-04-03 21:16:04,46.9553,14.4058,35.1,91,100,2.71
665,Panzhihua,CN,2022-04-03 21:16:05,26.5851,101.7128,63.03,61,100,0.54
666,Dalvik,IS,2022-04-03 21:16:05,65.9702,-18.5286,33.73,96,100,9.1
667,Brasileia,BR,2022-04-03 21:16:05,-11.0161,-68.7481,87.4,54,40,0.67
668,Natchitoches,US,2022-04-03 21:16:06,31.7668,-93.1335,83.25,38,0,4.61
669,Xuanhua,CN,2022-04-03 21:16:06,40.6103,115.0447,46.81,34,33,3.22
670,Pangody,RU,2022-04-03 21:16:06,65.85,74.4859,10.8,93,100,11.99
671,Abu Samrah,SY,2022-04-03 21:16:06,35.3029,37.1841,59.31,43,91,8.48
672,Zyryanka,RU,2022-04-03 21:16:07,65.75,150.85,-12.57,99,67,1.92
673,Luau,AO,2022-04-03 21:12:04,-10.7073,22.2247,64.89,95,99,2.62
674,Zakamensk,RU,2022-04-03 21:16:07,50.3741,103.2863,36.0,64,100,8.9
675,Pasighat,IN,2022-04-03 21:16:08,28.0667,95.3333,67.24,98,100,3.96
676,Karwar,IN,2022-04-03 21:11:19,14.8,74.1333,77.74,84,44,3.62
677,Thinadhoo,MV,2022-04-03 21:13:20,0.5333,72.9333,82.74,65,4,2.75
678,Ishigaki,JP,2022-04-03 21:16:08,24.3448,124.1572,66.33,77,40,21.85
679,Pacific Grove,US,2022-04-03 21:16:08,36.6177,-121.9166,68.2,75,40,12.66
680,Yichang,CN,2022-04-03 21:16:09,30.7144,111.2847,60.26,70,100,0.76
681,Izumo,JP,2022-04-03 21:16:09,35.3667,132.7667,39.15,86,1,4.36
682,Huaraz,PE,2022-04-03 21:16:09,-9.5333,-77.5333,57.74,83,86,4.74
683,Escanaba,US,2022-04-03 21:16:10,45.7453,-87.0646,40.96,70,75,9.22
684,Evensk,RU,2022-04-03 21:16:10,61.95,159.2333,8.42,84,29,3.96
685,Wajid,SO,2022-04-03 21:16:10,3.8093,43.2471,80.28,65,17,16.64
686,Tukan,RU,2022-04-03 21:16:11,53.8409,57.4552,38.32,93,100,5.68
687,Honiara,SB,2022-04-03 21:16:11,-9.4333,159.95,80.1,86,98,6.26
688,Les Cayes,HT,2022-04-03 21:16:11,18.2,-73.75,81.86,66,35,9.04
689,Doka,SD,2022-04-03 21:16:12,13.5167,35.7667,92.52,15,16,9.91
690,Ochtrup,DE,2022-04-03 21:16:12,52.2167,7.1833,37.89,79,46,7.61
691,Obama,JP,2022-04-03 21:16:12,35.4958,135.746,48.96,83,51,6.17
692,Nsanje,MW,2022-04-03 21:17:13,-16.92,35.262,74.26,89,24,2.44
693,Mayumba,GA,2022-04-03 21:17:13,-3.432,10.6554,77.72,93,40,4.47
694,Tacuarembo,UY,2022-04-03 21:14:26,-31.7333,-55.9833,64.09,98,100,3.98
695,Libenge,CD,2022-04-03 21:17:13,3.65,18.6333,71.42,97,100,3.53
696,Northam,GB,2022-04-03 21:17:14,51.0333,-4.2167,44.62,72,53,9.86
697,Tanout,NE,2022-04-03 21:17:14,14.9709,8.8879,86.05,3,99,8.61
698,Katsina,NG,2022-04-03 21:17:14,12.9894,7.6006,85.01,7,13,5.21
699,Loreto,MX,2022-04-03 21:17:14,22.2667,-101.9667,84.99,8,71,14.83
